# name	sector	stage	founded	teamSize	tags	tagline
99acres	Consumer	Public	2005	1001-5000	real estate, marketplace, classifieds	India's largest property listings marketplace
ACKO	Fintech	Series C+	2016	1001-5000	insurance, insurtech, auto	Digital-first general and health insurer
ACME Solar	Deeptech	Public	2015	501-1000	solar, renewables, IPP	Utility-scale solar and hybrid power producer
Absolute	Other	Series A	2016	201-500	agritech, bioscience, crop inputs	Bioscience platform for regenerative agriculture
Adda247	Edtech	Series C+	2016	1001-5000	test prep, government exams, vernacular	Test prep for Indian government job exams
Adobe India	SaaS	Public	1997	5000+	creative software, GCC, enterprise	Adobe's largest engineering centre outside the US
Amazon India	Consumer	Public	2013	5000+	e-commerce, marketplace, cloud	Amazon's NCR development and business centre
Ambrane India	D2C	Bootstrapped	2012	201-500	power banks, accessories, electronics	Power banks and mobile accessories brand
American Express India	Fintech	Public	1998	5000+	payments, cards, GCC	Amex's global service and technology hub
Amplus Solar	Deeptech	Acquired	2013	201-500	rooftop solar, C&I, energy	Rooftop and open-access solar for businesses
Angel One	Fintech	Public	1996	5000+	broking, investing, wealth	Full-service broker turned discount trading app
Apna	Consumer	Series C+	2019	501-1000	jobs, blue collar, hiring	Job discovery network for blue and grey collar work
Appinventiv	SaaS	Bootstrapped	2015	1001-5000	app development, services, IT	App and product engineering services firm
Aristocrat Technologies	Gaming	Public	2013	1001-5000	gaming, slots, GCC	Gaming tech giant's India engineering centre
Arya.ag	Other	Series C+	2013	501-1000	agritech, warehousing, financing	Grain warehousing and post-harvest financing
Attero Recycling	Deeptech	Series C+	2008	201-500	e-waste, battery recycling, circular	E-waste and lithium-ion battery recycler
Awign	SaaS	Acquired	2016	201-500	gig work, staffing, operations	Managed gig workforce for enterprise operations
Aye Finance	Fintech	Series C+	2014	5000+	msme lending, nbfc, credit	NBFC lending to micro and small enterprises
BYJU'S	Edtech	Series C+	2011	5000+	k12, learning app, test prep	Learning app for school students
BYJU'S Exam Prep	Edtech	Acquired	2015	501-1000	test prep, competitive exams	Competitive exam prep, formerly Gradeup
Battery Smart	Deeptech	Series C+	2019	501-1000	battery swapping, ev, two wheeler	Battery swapping network for electric two- and three-wheelers
Betterplace	SaaS	Series C+	2015	501-1000	hr tech, frontline, workforce	Full-stack HR platform for frontline workers
BharatPe	Fintech	Series C+	2018	1001-5000	upi, merchant payments, lending	QR payments and credit for small merchants
Bharti Airtel	Other	Public	1995	5000+	telecom, connectivity, dth	India's second-largest telecom operator
Bikanervala	Consumer	Bootstrapped	1950	5000+	sweets, restaurants, fmcg	Sweets and namkeen chain turned packaged foods brand
Bira 91	D2C	Series C+	2015	501-1000	craft beer, beverages, alcobev	Craft beer brand that reset Indian beer taste
Biryani By Kilo	Consumer	Series B	2015	1001-5000	cloud kitchen, food, qsr	Handi-cooked biryani delivered nationwide
Bisleri	Consumer	Bootstrapped	1969	1001-5000	packaged water, beverages, fmcg	India's original packaged drinking water brand
Bizongo	Logistics	Series C+	2015	501-1000	b2b, packaging, supply chain	B2B supply chain platform for custom packaging
Blinkit	Consumer	Acquired	2013	5000+	quick commerce, grocery, delivery	10-minute grocery delivery, owned by Eternal
BluSmart	Consumer	Series C+	2019	1001-5000	ev, ride hailing, mobility	All-electric ride-hailing fleet across NCR and Bengaluru
Blue Tokai Coffee Roasters	Consumer	Series B	2013	501-1000	coffee, cafes, specialty	Specialty coffee roaster and cafe chain
Bombay Shaving Company	D2C	Series C+	2016	201-500	grooming, personal care, d2c	Men's grooming and personal care brand
BookMyShow	Consumer	Series C+	1999	1001-5000	ticketing, events, entertainment	India's dominant movie and event ticketing platform
Boult	D2C	Series A	2017	201-500	audio, wearables, electronics	Audio wearables brand competing on price and design
Burger Singh	Consumer	Series B	2014	501-1000	qsr, burgers, franchise	Indian-flavoured burger QSR chain
CARS24	Consumer	Series C+	2015	5000+	used cars, marketplace, auto	Used-car marketplace with instant sale and financing
Camp K12	Edtech	Series A	2010	51-200	coding for kids, live classes	Live online coding school for school kids
Cashfree Payments	Fintech	Series C+	2015	501-1000	payments, payouts, api	Payments and payouts API for Indian businesses
Chaayos	Consumer	Series C+	2012	1001-5000	chai, cafes, f&b	Chai cafe chain built on customisation
Chakr Innovation	Deeptech	Series A	2016	51-200	emissions, air quality, cleantech	Captures diesel-genset soot and turns it into ink
Chargeup	Deeptech	Series A	2019	51-200	battery swapping, e-rickshaw, ev	Battery-as-a-service for e-rickshaw drivers
Chiratae Ventures	Other	VC	2006	51-200	venture capital, early stage	Early-stage technology VC, formerly IDG Ventures India
CityMall	Consumer	Series C+	2019	501-1000	community commerce, tier 2, grocery	Community-group commerce for tier-2 and tier-3 India
Classplus	Edtech	Series C+	2018	501-1000	saas, educators, creator economy	Shopify for educators — app and payments for coaching
Cleartrip	Consumer	Acquired	2006	1001-5000	travel, flights, hotels	Travel booking platform owned by Flipkart
Clovia	D2C	Acquired	2015	501-1000	lingerie, apparel, d2c	Lingerie and sleepwear brand, part of Reliance Retail
Country Delight	D2C	Series C+	2011	1001-5000	dairy, subscription, fresh	Subscription milk and daily fresh essentials
Coursera India	Edtech	Public	2018	201-500	online learning, mooc, upskilling	Coursera's India engineering and market team
Cult.fit	Healthtech	Series C+	2016	5000+	fitness, gyms, wellness	Fitness centres and health subscriptions
Cvent India	SaaS	Public	2004	1001-5000	event tech, saas, gcc	Event management software's India engineering hub
DLF Limited	Other	Public	1946	1001-5000	real estate, commercial, developer	Developer of Cyber City — NCR's office landlord
Daffodil Software	SaaS	Bootstrapped	2006	501-1000	software services, product engineering	Product engineering services firm
Dailyhunt	Consumer	Series C+	2007	1001-5000	news, vernacular, content	Vernacular news and content aggregator
Damco Solutions	SaaS	Bootstrapped	1996	501-1000	it services, consulting, enterprise	IT services and digital transformation firm
Darwinbox	SaaS	Series C+	2015	501-1000	hr tech, hcm, enterprise	Enterprise HR suite used across Asia
DeHaat	Other	Series C+	2012	1001-5000	agritech, farmers, inputs	Full-stack agri platform for smallholder farmers
DealShare	Consumer	Series C+	2018	1001-5000	social commerce, value retail	Value-focused grocery commerce for mass India
Delhivery	Logistics	Public	2011	5000+	logistics, supply chain, express	India's largest integrated logistics network
Digit Insurance	Fintech	Public	2016	1001-5000	insurance, general, insurtech	Simplified general insurance, backed by Fairfax
Dixon Technologies	Deeptech	Public	1993	5000+	electronics manufacturing, ems, pli	India's largest contract electronics manufacturer
Doubtnut	Edtech	Acquired	2016	201-500	doubt solving, vernacular, k12	Photo-based doubt solving for school students
Droom	Consumer	Series C+	2014	501-1000	used vehicles, marketplace, auto	Online marketplace for used cars and two-wheelers
EXL Service	Other	Public	1999	5000+	analytics, bpo, operations	Analytics and operations management firm
EaseMyTrip	Consumer	Public	2008	1001-5000	travel, flights, otm	Zero-convenience-fee online travel agency
ElasticRun	Logistics	Series C+	2016	1001-5000	kirana, distribution, rural	Rural distribution network built on kirana stores
Elevation Capital	Other	VC	2002	51-200	venture capital, early stage	Early-stage VC, formerly SAIF Partners
EnKash	Fintech	Series B	2018	201-500	spend management, corporate cards	Spend management and corporate cards for businesses
Entrackr	Other	Seed	2016	11-50	media, startup news, journalism	Startup newsroom known for funding scoops
Epigamia	D2C	Series C+	2013	501-1000	greek yogurt, dairy, fmcg	Greek yogurt brand that created the category in India
Eruditus	Edtech	Series C+	2010	1001-5000	executive education, universities	Executive education with global universities
Escorts Kubota	Other	Public	1944	5000+	tractors, farm equipment, manufacturing	Tractor and construction equipment maker
Eternal	Consumer	Public	2008	5000+	holding company, food delivery, quick commerce	Holding company for Zomato, Blinkit and District
Euler Motors	Deeptech	Series C+	2018	501-1000	electric vehicles, cargo, three wheeler	Electric cargo three-wheelers built for Indian loads
Even Healthcare	Healthtech	Series A	2020	201-500	healthcare, membership, primary care	Healthcare membership with managed primary care
Eximius Ventures	Other	VC	2021	11-50	venture capital, pre seed	Pre-seed fund backing first-time Indian founders
Exotel	SaaS	Series C+	2011	501-1000	cpaas, voice, customer engagement	Cloud communications platform for customer calls
Expedia Group	Consumer	Public	2008	1001-5000	travel, otm, gcc	Expedia's India technology and operations centre
FabHotels	Consumer	Series C+	2014	501-1000	budget hotels, travel, franchise	Budget hotel chain across Indian business cities
Fabindia	Consumer	Series C+	1960	5000+	handloom, apparel, retail	Handloom-led apparel and home retail chain
Farmley	D2C	Series B	2017	201-500	healthy snacks, dry fruits, fmcg	Healthy snacking brand built on dry fruits and seeds
Fashinza	Consumer	Series C+	2020	501-1000	apparel sourcing, b2b, manufacturing	B2B apparel sourcing and manufacturing platform
Fiserv India	Fintech	Public	2003	5000+	payments, banking tech, gcc	Payments technology giant's India centre
Fourth Partner Energy	Deeptech	Series C+	2010	501-1000	solar, c&i, distributed energy	Distributed solar for commercial and industrial users
Foxtale	D2C	Series B	2021	51-200	skincare, beauty, d2c	Fast-growing science-led skincare brand
Fractal Analytics	AI	Series C+	2000	5000+	ai, analytics, enterprise	AI and analytics partner to Fortune 500 firms
Freecharge	Fintech	Acquired	2010	201-500	payments, wallet, digital banking	Payments and digital banking arm of Axis Bank
FreshToHome	D2C	Series C+	2015	1001-5000	meat, seafood, fresh	Preservative-free fish and meat delivery
Genpact	Other	Public	1997	5000+	bpm, analytics, consulting	Business process and digital operations firm spun out of GE
GlobalLogic	SaaS	Acquired	2000	5000+	product engineering, hitachi, services	Digital product engineering firm owned by Hitachi
Goibibo	Consumer	Acquired	2009	1001-5000	travel, hotels, flights	Travel booking brand within the MakeMyTrip group
Google India	Other	Public	2004	5000+	search, cloud, gcc	Google's Gurugram sales and engineering office
Great Learning	Edtech	Acquired	2013	1001-5000	upskilling, professional courses	Professional upskilling programmes, owned by BYJU'S
GreyOrange	Logistics	Series C+	2011	501-1000	warehouse robotics, automation, ai	Warehouse robots and fulfilment software
Grip Invest	Fintech	Series B	2020	51-200	alternative investments, bonds, retail	Alternative fixed-income investing for retail investors
Gupshup	SaaS	Series C+	2004	1001-5000	conversational messaging, cpaas, whatsapp	Conversational messaging platform for businesses
HCLTech	Other	Public	1976	5000+	it services, engineering, enterprise	IT services major headquartered in Noida
HROne	SaaS	Series A	2016	201-500	hr software, payroll, hcm	HR and payroll software for Indian mid-market
HT Media	Other	Public	1924	5000+	media, newspapers, digital	Hindustan Times' media and digital business
Haldiram's	Consumer	Bootstrapped	1937	5000+	snacks, sweets, fmcg	India's biggest packaged snacks and sweets brand
Havells India	Deeptech	Public	1958	5000+	electricals, appliances, manufacturing	Electrical equipment and consumer appliances maker
HealthKart	D2C	Series C+	2011	1001-5000	nutrition, supplements, retail	Sports nutrition and supplements retailer
Hero Electric	Deeptech	Series C+	2007	501-1000	electric two wheeler, ev, mobility	Electric two-wheeler maker
Hero MotoCorp	Other	Public	1984	5000+	two wheeler, manufacturing, mobility	World's largest two-wheeler manufacturer by volume
Hike	Gaming	Series C+	2012	51-200	gaming, real money, social	Pivoted from messaging to real-money gaming with Rush
Honasa Consumer (Mamaearth)	D2C	Public	2016	1001-5000	beauty, personal care, d2c	House of D2C beauty brands led by Mamaearth
Hop Electric	Deeptech	Series A	2019	201-500	electric two wheeler, ev	Electric scooters and motorcycles for daily commutes
INDmoney	Fintech	Series C+	2019	501-1000	wealth, us stocks, investing	Super app for investing, including US stocks
Inc42 Media	Other	Series A	2014	51-200	media, startup news, research	Startup media and research platform
Indifi	Fintech	Series C+	2015	201-500	msme lending, embedded finance	Embedded lending for small businesses
Info Edge (Naukri.com)	Consumer	Public	1995	5000+	jobs, classifieds, internet	Runs Naukri, 99acres, Jeevansathi and Shiksha
Info Edge Ventures	Other	VC	2019	11-50	venture capital, early stage	Info Edge's early-stage venture arm
Infogain	SaaS	Acquired	1990	5000+	digital engineering, services, enterprise	Digital platform engineering services firm
Innefu Labs	AI	Series A	2011	201-500	ai, security, video analytics	AI for defence, policing and video analytics
Innovaccer	Healthtech	Series C+	2014	1001-5000	healthcare data, us healthcare, ai	Healthcare data platform for US providers
Innoviti	Fintech	Series C+	2002	501-1000	payments, pos, merchant	Payment technology for offline retail
Inshorts	Consumer	Series C+	2013	201-500	news, short form, content	60-word news summaries app
InsuranceDekho	Fintech	Series C+	2016	1001-5000	insurance, distribution, insurtech	Insurance distribution network across small-town India
Iris Software	SaaS	Bootstrapped	1993	1001-5000	it services, bfsi, engineering	IT services firm focused on financial services
Jeevansathi	Consumer	Public	1998	201-500	matrimony, classifieds	Matrimony platform from the Info Edge stable
Jumbotail	Consumer	Series C+	2015	501-1000	b2b, kirana, grocery	B2B marketplace and distribution for kirana stores
Juspay	Fintech	Series C+	2012	501-1000	payments, orchestration, upi	Payments orchestration behind much of Indian checkout
Khatabook	Fintech	Series C+	2018	201-500	bookkeeping, msme, ledger	Digital ledger and payments for small merchants
Knowlarity	SaaS	Acquired	2009	201-500	cloud telephony, cpaas	Cloud telephony provider, now part of Gupshup
Kwan Entertainment	Consumer	Series B	2009	201-500	talent management, celebrity, media	Celebrity and creator talent management agency
LambdaTest	SaaS	Series C+	2017	501-1000	testing, devtools, cloud	Cloud platform for cross-browser and app testing
Lava International	Deeptech	Series C+	2009	5000+	smartphones, manufacturing, electronics	Indian smartphone brand and contract manufacturer
LeadSquared	SaaS	Series C+	2011	1001-5000	crm, sales automation, saas	Sales execution CRM for high-velocity sales teams
Lendingkart	Fintech	Series C+	2014	501-1000	msme lending, nbfc, credit	Data-led working capital lending to small businesses
Lenskart	D2C	Public	2010	5000+	eyewear, omnichannel, retail	Omnichannel eyewear brand with in-house manufacturing
Lightspeed India	Other	VC	2015	11-50	venture capital, early stage	India arm of the global Lightspeed venture platform
LimeRoad	Consumer	Acquired	2012	51-200	fashion, marketplace, social commerce	Fashion discovery marketplace, acquired by V-Mart
Livguard	Deeptech	Series C+	2000	1001-5000	batteries, inverters, energy storage	Batteries, inverters and residential energy storage
Livspace	Consumer	Series C+	2014	1001-5000	interiors, home, marketplace	End-to-end home interiors platform
Lohum	Deeptech	Series B	2018	201-500	battery recycling, lithium, circular	Lithium-ion battery recycling and second-life packs
Loom Solar	Deeptech	Series A	2018	51-200	solar panels, manufacturing, d2c	Solar panel maker selling direct to homes
Luminous Power	Deeptech	Acquired	1988	5000+	inverters, batteries, solar	Power backup and solar brand owned by Schneider
MPL	Gaming	Series C+	2018	501-1000	esports, real money gaming, skill games	Mobile skill-gaming and esports platform
MagicBricks	Consumer	Acquired	2006	1001-5000	real estate, listings, classifieds	Property portal owned by Times Internet
MakeMyTrip	Consumer	Public	2000	5000+	travel, flights, hotels	India's largest online travel company
Maruti Suzuki	Other	Public	1981	5000+	automotive, manufacturing, cars	India's largest passenger car maker
Mastercard India	Fintech	Public	2000	1001-5000	payments, cards, gcc	Mastercard's India technology and market office
Max Healthcare	Healthtech	Public	2000	5000+	hospitals, healthcare, providers	Hospital network across North India
Medanta	Healthtech	Public	2009	5000+	hospitals, multi specialty, healthcare	Multi-super-specialty hospital group
MediBuddy	Healthtech	Series C+	2000	1001-5000	telehealth, benefits, healthcare	Digital healthcare and corporate health benefits
Mercer Mettl	SaaS	Acquired	2009	501-1000	assessments, hiring, proctoring	Online assessment and remote proctoring platform
Micromax	Deeptech	Series C+	2000	1001-5000	smartphones, electronics, manufacturing	Once India's top phone brand, now manufacturing-led
Microsoft India	SaaS	Public	1990	5000+	cloud, enterprise software, gcc	Microsoft's Gurugram sales and solutions office
MobiKwik	Fintech	Public	2009	501-1000	wallet, payments, credit	Payments wallet and consumer credit platform
Moglix	Other	Series C+	2015	1001-5000	b2b, industrial supplies, procurement	B2B commerce platform for industrial supplies
Mswipe	Fintech	Series C+	2011	1001-5000	pos, merchant acquiring, payments	Card and QR acceptance for small merchants
MuscleBlaze	D2C	Series C+	2012	201-500	sports nutrition, supplements	Sports nutrition brand within the HealthKart group
Myntra	Consumer	Acquired	2007	5000+	fashion, e-commerce, flipkart	Fashion e-commerce platform owned by Flipkart
NDTV	Other	Public	1988	1001-5000	news, broadcast, media	News broadcaster, now part of the Adani group
Nagarro	SaaS	Public	1996	5000+	software engineering, services, digital	Global digital engineering firm listed in Frankfurt
NestAway	Consumer	Acquired	2015	201-500	rentals, housing, managed homes	Managed rental homes, acquired by Aurum PropTech
Netcore Cloud	SaaS	Series C+	1997	1001-5000	martech, email, engagement	Customer engagement and email infrastructure
Newgen Software	SaaS	Public	1992	5000+	bpm, ecm, low code	Low-code process automation for banks and insurers
NoBroker	Consumer	Series C+	2014	5000+	real estate, brokerage free, rentals	Brokerage-free property rentals and sales
Noise	D2C	Series C+	2014	501-1000	smartwatches, wearables, audio	India's leading smartwatch and wearables brand
Nucleus Software	SaaS	Public	1986	1001-5000	lending software, banking, fintech	Lending and transaction banking software
Nutrabay	D2C	Series A	2016	51-200	nutrition, supplements, e-commerce	Authentic sports nutrition marketplace
Nykaa	D2C	Public	2012	5000+	beauty, retail, omnichannel	Beauty and lifestyle retailer, listed in 2021
OYO	Consumer	Public	2013	5000+	hospitality, hotels, travel	Budget hotel and homes brand operating globally
OfBusiness	Fintech	Series C+	2015	1001-5000	b2b commerce, raw materials, lending	Raw material commerce paired with SME lending
Okinawa Autotech	Deeptech	Series B	2015	501-1000	electric scooters, ev, manufacturing	Electric two-wheeler manufacturer
Optiemus Electronics	Deeptech	Public	1993	1001-5000	electronics manufacturing, ems, pli	Contract manufacturer for phones and wearables
Oracle India	SaaS	Public	1993	5000+	database, cloud, gcc	Oracle's Noida development centre
Organic India	D2C	Acquired	1997	1001-5000	wellness, ayurveda, tea	Organic wellness, tulsi teas and supplements
Oxyzo	Fintech	Series C+	2016	501-1000	sme lending, nbfc, working capital	SME lending arm of OfBusiness, a unicorn in its own right
Paisabazaar	Fintech	Public	2014	1001-5000	credit, loans, marketplace	Credit and loan marketplace, part of PB Fintech
Paper Boat	D2C	Series C+	2013	501-1000	beverages, juices, fmcg	Traditional Indian drinks in modern packaging
PayU	Fintech	Series C+	2011	1001-5000	payments, gateway, credit	Payment gateway and credit arm of Prosus
Paytm	Fintech	Public	2010	5000+	upi, payments, fintech	Payments super app and India's biggest UPI pioneer
Peak XV Partners	Other	VC	2006	51-200	venture capital, growth, multi stage	India and SEA fund formerly known as Sequoia India
PeopleStrong	SaaS	Series C+	2005	501-1000	hr tech, hcm, payroll	HR technology suite for Asian enterprises
Perfios	Fintech	Series C+	2008	1001-5000	financial data, underwriting, saas	Financial data and decisioning infrastructure for lenders
Perfora	D2C	Series A	2021	51-200	oral care, personal care, d2c	Modern oral care brand
PhysicsWallah	Edtech	Public	2016	5000+	test prep, jee, neet	Affordable exam prep that scaled from YouTube
Pine Labs	Fintech	Public	1998	1001-5000	pos, merchant, payments	Merchant payments and checkout platform
Policybazaar	Fintech	Public	2008	5000+	insurance, marketplace, insurtech	India's largest insurance marketplace
Portronics	D2C	Bootstrapped	2010	51-200	accessories, gadgets, electronics	Consumer gadgets and accessories brand
Pristyn Care	Healthtech	Series C+	2018	1001-5000	surgery, elective care, healthcare	Asset-light network for elective surgeries
Publicis Sapient	SaaS	Public	1990	5000+	digital consulting, engineering, services	Digital business transformation consultancy
Quess Corp	Other	Public	2007	5000+	staffing, workforce, services	India's largest staffing and workforce firm
R Systems	SaaS	Public	1993	5000+	product engineering, services, analytics	Product engineering and analytics services
REA India (Housing.com, PropTiger)	Consumer	Acquired	2012	1001-5000	real estate, listings, proptech	Runs Housing.com, PropTiger and Makaan
Rage Coffee	D2C	Series A	2018	51-200	coffee, instant, d2c	Plant-based instant coffee brand
Rapido	Consumer	Series C+	2015	1001-5000	bike taxi, mobility, ride hailing	Bike taxi and auto ride-hailing network
Razorpay	Fintech	Series C+	2014	1001-5000	payments, neobanking, api	Payments and business banking for internet companies
ReNew	Deeptech	Public	2011	1001-5000	renewables, wind, solar	One of India's largest renewable energy producers
Recur Club	Fintech	Series A	2021	51-200	revenue financing, debt, saas	Debt marketplace for growth-stage companies
RentoMojo	Consumer	Series C+	2014	501-1000	furniture rental, subscription	Furniture and appliance rental subscriptions
Revolt Motors	Deeptech	Acquired	2017	201-500	electric motorcycles, ev	Electric motorcycle maker, owned by RattanIndia
Rivigo	Logistics	Acquired	2014	1001-5000	trucking, relay, logistics	Relay trucking pioneer, acquired by Mahindra Logistics
Rooter	Gaming	Series B	2016	201-500	game streaming, esports, creators	Game streaming and esports content platform
SAMHI Hotels	Consumer	Public	2010	1001-5000	hotels, hospitality, real estate	Hotel asset owner across Indian business districts
SAP Labs India	SaaS	Public	1998	5000+	enterprise software, erp, gcc	SAP's Gurugram office within its India network
SOLV	Fintech	Series B	2019	201-500	b2b commerce, sme, embedded finance	B2B commerce and credit platform for SMEs
SRF Limited	Other	Public	1970	5000+	chemicals, packaging, manufacturing	Specialty chemicals and packaging films maker
Salesforce India	SaaS	Public	2005	1001-5000	crm, cloud, gcc	Salesforce's Gurugram sales and solutions office
Samsung R&D Institute Noida	Deeptech	Public	1996	5000+	r&d, mobile, gcc	Samsung's Noida R&D centre for mobile software
Scaler	Edtech	Series C+	2019	501-1000	upskilling, engineering, careers	Career-focused upskilling for software engineers
Shaadi.com	Consumer	Series C+	1996	1001-5000	matrimony, marketplace	One of India's oldest matrimony platforms
Shadowfax	Logistics	Series C+	2015	5000+	last mile, delivery, quick commerce	Crowdsourced last-mile delivery network
Shiprocket	Logistics	Series C+	2017	1001-5000	shipping, d2c enablement, logistics	Shipping and fulfilment stack for D2C sellers
ShopClues	Consumer	Acquired	2011	51-200	marketplace, e-commerce, value	Value-focused marketplace, acquired by Qoo10
Signzy	Fintech	Series B	2015	201-500	kyc, onboarding, compliance	Digital onboarding and KYC infrastructure for banks
Sirion	SaaS	Series C+	2012	1001-5000	clm, contracts, ai	AI-native contract lifecycle management
Sleepy Owl Coffee	D2C	Series A	2016	51-200	coffee, cold brew, d2c	Cold brew and instant coffee brand
Snapdeal	Consumer	Series C+	2010	1001-5000	e-commerce, value, marketplace	Value e-commerce marketplace for bharat
Spinny	Consumer	Series C+	2015	5000+	used cars, retail, auto	Fixed-price used car retail with 5-day returns
Sportskeeda	Consumer	Series B	2009	201-500	sports media, content, publishing	Sports media property with global readership
Square Yards	Consumer	Series C+	2013	5000+	real estate, brokerage, proptech	Full-stack real estate transaction platform
Stanza Living	Consumer	Series C+	2017	1001-5000	student housing, co living, rentals	Managed student housing and co-living
Staqu Technologies	AI	Series A	2015	51-200	video analytics, ai, policing	Video analytics AI used in policing and factories
Statiq	Deeptech	Series A	2019	51-200	ev charging, infrastructure, cleantech	EV charging network across Indian cities
Stride Ventures	Other	VC	2019	51-200	venture debt, growth capital	Venture debt fund for growth-stage startups
SunSource Energy	Deeptech	Series B	2011	201-500	solar, c&i, distributed energy	Distributed solar for commercial and industrial users
Sunstone	Edtech	Series C+	2018	501-1000	higher education, placement, colleges	Placement-linked programmes inside partner colleges
TO THE NEW	SaaS	Bootstrapped	2008	1001-5000	digital engineering, cloud, services	Digital technology services company
TVF	Consumer	Series B	2010	201-500	streaming, web series, content	Web series studio behind Kota Factory and Panchayat
Tata 1mg	Healthtech	Acquired	2015	5000+	epharmacy, diagnostics, healthcare	Online pharmacy and diagnostics, owned by Tata Digital
TeamLease	Other	Public	2000	5000+	staffing, workforce, apprenticeship	Staffing and employment services company
Tech Mahindra	Other	Public	1986	5000+	it services, telecom, enterprise	IT services major with a large Noida presence
Testbook	Edtech	Series C+	2014	1001-5000	test prep, government exams, mock tests	Test prep for government and competitive exams
The Man Company	D2C	Series B	2015	201-500	grooming, mens care, d2c	Premium men's grooming brand
Times Internet	Other	Public	1999	1001-5000	digital media, internet, publishing	Digital arm of the Times Group
Toppr	Edtech	Acquired	2013	201-500	k12, adaptive learning	Adaptive K-12 learning platform, acquired by BYJU'S
TravelTriangle	Consumer	Acquired	2011	201-500	holidays, travel, marketplace	Holiday package marketplace
Trifecta Capital	Other	VC	2014	51-200	venture debt, growth capital	Venture debt and growth capital provider
Turtlemint	Fintech	Series C+	2015	1001-5000	insurance, distribution, advisors	Insurance distribution through advisor networks
Uber India	Consumer	Public	2013	1001-5000	ride hailing, mobility, gcc	Uber's India operations and engineering presence
Udaan	Consumer	Series C+	2016	5000+	b2b, kirana, wholesale	B2B wholesale marketplace for retailers
Ultrahuman	Deeptech	Series C+	2019	201-500	wearables, health, metabolic	Smart ring and metabolic health wearables
Unacademy	Edtech	Series C+	2015	1001-5000	live classes, test prep, edtech	Live online learning and test prep platform
Upstox	Fintech	Series C+	2009	1001-5000	broking, investing, discount	Discount broking app backed by Tiger and Ratan Tata
Urban Company	Consumer	Public	2014	5000+	home services, marketplace, gig	At-home services marketplace, listed in 2025
Vahdam Teas	D2C	Series C+	2015	201-500	tea, exports, d2c	Indian tea brand selling direct to global consumers
Vecmocon	Deeptech	Series A	2016	51-200	ev components, bms, telematics	EV intelligence systems and battery management
VerSe Innovation	Consumer	Series C+	2007	1001-5000	short video, news, vernacular	Parent of Dailyhunt and Josh
Waaree Energies	Deeptech	Public	1989	5000+	solar modules, manufacturing, renewables	India's largest solar module manufacturer
Whatfix	SaaS	Series C+	2014	1001-5000	digital adoption, saas, enablement	Digital adoption platform for enterprise software
WinZO	Gaming	Series C+	2018	201-500	social gaming, vernacular, skill games	Vernacular social gaming platform
Wingify (VWO)	SaaS	Bootstrapped	2009	201-500	a/b testing, cro, experimentation	Bootstrapped maker of VWO experimentation software
Wingreens Farms	D2C	Series C+	2011	1001-5000	dips, sauces, fmcg	Dips, spreads and healthy foods brand
Wow! Momo	Consumer	Series C+	2008	5000+	qsr, momos, food	Momo-first QSR chain across Indian cities
Xebia India	SaaS	Series C+	2001	1001-5000	consulting, cloud, engineering	Technology consulting and engineering firm
Xpressbees	Logistics	Series C+	2015	5000+	logistics, express, e-commerce	Express logistics for e-commerce and D2C
Yatra	Consumer	Public	2006	1001-5000	travel, corporate travel, otm	Consumer and corporate travel booking platform
YourStory Media	Other	Series B	2008	51-200	media, startup news, publishing	Startup media platform covering Indian entrepreneurship
Yubi	Fintech	Series C+	2020	1001-5000	debt markets, lending infrastructure	Debt marketplace connecting lenders and borrowers
Z47	Other	VC	2006	51-200	venture capital, early stage	Early-stage VC, formerly Matrix Partners India
Zenatix	Deeptech	Acquired	2013	51-200	iot, energy management, buildings	IoT energy management for retail chains
Zimyo	SaaS	Series A	2018	201-500	hr software, payroll, hcm	HR and payroll software for growing companies
Zoho	SaaS	Bootstrapped	1996	5000+	saas, business software, bootstrapped	Bootstrapped business software suite
Zolo	Consumer	Series C+	2015	501-1000	co living, student housing, rentals	Co-living and managed accommodation operator
Zomato	Consumer	Public	2008	5000+	food delivery, restaurants, consumer	Food delivery and restaurant discovery platform
Zostel	Consumer	Series A	2013	201-500	hostels, backpacking, travel	Backpacker hostel chain across India
Zupee	Gaming	Series C+	2018	201-500	skill gaming, ludo, real money	Skill-based casual gaming, best known for Ludo
Zyod	Consumer	Series A	2022	201-500	apparel manufacturing, b2b, sourcing	Tech-enabled apparel manufacturing for brands
Zypp Electric	Logistics	Series C+	2017	1001-5000	ev delivery, fleet, last mile	Electric two-wheeler fleet for last-mile delivery
bijnis	Consumer	Series C+	2015	501-1000	b2b, footwear, manufacturing	B2B marketplace connecting factories to retailers
boAt	D2C	Series C+	2016	501-1000	audio, wearables, consumer electronics	India's biggest audio wearables brand
iD Fresh Food	D2C	Series C+	2005	1001-5000	fresh food, batter, fmcg	Preservative-free idli batter and fresh foods
ideaForge	Deeptech	Public	2007	501-1000	drones, uav, defence	Drone maker for defence, mapping and security
ixigo	Consumer	Public	2007	501-1000	travel, trains, flights	Travel app strongest in trains and buses
upGrad	Edtech	Series C+	2015	1001-5000	upskilling, degrees, careers	Online higher education and career upskilling
